source_file,dataset_split,audit_highlighted_word_count,audit_card_word_count,causal_word_count,certainty_word_count,impact_word_count,numeric_reference_count,highlighted_word_ratio,has_highlight_text
ArizonaState-SaSm-Neg-3---Gonzaga-Round-1.docx,train,0.0,0.0,0.0,0.0,0.0,0.0,0.0,False
ArizonaState-SaSm-Neg-3---Gonzaga-Round-4.docx,validation,0.0,0.0,0.0,0.0,0.0,0.0,0.0,False
ArizonaState-SaSm-Neg-3---Gonzaga-Round-5.docx,train,197.0,3362.0,0.0,1.0,4.0,2.0,0.05859607376561571,True
ArizonaState-SaSm-Neg-3---Gonzaga-Round-7.docx,train,0.0,0.0,0.0,0.0,0.0,0.0,0.0,False
Baylor-DaLa-Neg-Gonzaga-Round-2.docx,train,0.0,0.0,0.0,0.0,0.0,0.0,0.0,False
Baylor-DaLa-Neg-Gonzaga-Round-3.docx,validation,2317.0,33968.0,12.0,8.0,12.0,13.0,0.06821125765426284,True
Baylor-DaLa-Neg-Gonzaga-Round-6.docx,test,1019.0,11813.0,4.0,5.0,16.0,14.0,0.08626089900956574,True
Baylor-DaLa-Neg-Gonzaga-Round-8.docx,train,1305.0,29614.0,2.0,11.0,15.0,25.0,0.044066995340041874,True
CSULongBeach-OrMe-Aff-04---Operation_-Gonzigga-(Gonzaga-University-Jesuit-Debates)-Round-4.docx,train,0.0,0.0,0.0,0.0,0.0,0.0,0.0,False
CSULongBeach-OrMe-Aff-04---Operation_-Gonzigga-(Gonzaga-University-Jesuit-Debates)-Round-6.docx,train,0.0,0.0,0.0,0.0,0.0,0.0,0.0,False
CSULongBeach-OrMe-Aff-04---Operation_-Gonzigga-(Gonzaga-University-Jesuit-Debates)-Round-8.docx,validation,0.0,0.0,0.0,0.0,0.0,0.0,0.0,False
CSULongBeach-OrMe-Neg-04---Operation_-Gonzigga-(Gonzaga-University-Jesuit-Debates)-Round-1.docx,train,0.0,0.0,0.0,0.0,0.0,0.0,0.0,False
CSULongBeach-OrMe-Neg-04---Operation_-Gonzigga-(Gonzaga-University-Jesuit-Debates)-Round-3.docx,train,0.0,0.0,0.0,0.0,0.0,0.0,0.0,False
CSULongBeach-OrMe-Neg-04---Operation_-Gonzigga-(Gonzaga-University-Jesuit-Debates)-Round-5.docx,validation,0.0,0.0,0.0,0.0,0.0,0.0,0.0,False
CSULongBeach-OrMe-Neg-04---Operation_-Gonzigga-(Gonzaga-University-Jesuit-Debates)-Round-7.docx,test,0.0,0.0,0.0,0.0,0.0,0.0,0.0,False
DartmouthCollege-CaGo-Aff-4---Gonzaga-Round-2.docx,test,0.0,0.0,0.0,0.0,0.0,0.0,0.0,False
DartmouthCollege-CaGo-Aff-4---Gonzaga-Round-4.docx,test,1283.0,21968.0,2.0,9.0,2.0,9.0,0.058403131828113616,True
DartmouthCollege-CaGo-Aff-4---Gonzaga-Round-6.docx,test,1603.0,26968.0,1.0,10.0,1.0,11.0,0.05944081874814595,True
DartmouthCollege-CaGo-Aff-4---Gonzaga-Round-8.docx,train,317.0,14776.0,3.0,1.0,6.0,3.0,0.021453708716838115,True
DartmouthCollege-CaGo-Neg-4---Gonzaga-Round-1.docx,train,0.0,0.0,0.0,0.0,0.0,0.0,0.0,False
DartmouthCollege-CaGo-Neg-4---Gonzaga-Round-3.docx,train,449.0,5230.0,1.0,3.0,1.0,4.0,0.0858508604206501,True
DartmouthCollege-CaGo-Neg-4---Gonzaga-Round-5.docx,validation,1801.0,21675.0,4.0,14.0,6.0,14.0,0.08309111880046136,True
DartmouthCollege-CaGo-Neg-4---Gonzaga-Round-7.docx,test,906.0,11498.0,0.0,7.0,0.0,30.0,0.0787963124021569,True
DartmouthCollege-JoRa-Aff-2---Gonzaga-Round-1.docx,test,0.0,0.0,0.0,0.0,0.0,0.0,0.0,False
DartmouthCollege-JoRa-Aff-2---Gonzaga-Round-4.docx,train,0.0,0.0,0.0,0.0,0.0,0.0,0.0,False
DartmouthCollege-JoRa-Aff-2---Gonzaga-Round-6.docx,train,697.0,5171.0,0.0,0.0,0.0,0.0,0.13479017598143492,True
DartmouthCollege-JoRa-Aff-2---Gonzaga-Round-7.docx,train,0.0,0.0,0.0,0.0,0.0,0.0,0.0,False
DartmouthCollege-JoRa-Neg-2---Gonzaga-Round-2.docx,train,0.0,0.0,0.0,0.0,0.0,0.0,0.0,False
DartmouthCollege-JoRa-Neg-2---Gonzaga-Round-3.docx,train,0.0,0.0,0.0,0.0,0.0,0.0,0.0,False
DartmouthCollege-JoRa-Neg-2---Gonzaga-Round-5.docx,train,0.0,0.0,0.0,0.0,0.0,0.0,0.0,False
DartmouthCollege-JoRa-Neg-2---Gonzaga-Round-8.docx,train,2510.0,16223.0,3.0,4.0,3.0,5.0,0.15471860938174198,True
Emory-ChRa-Aff-Gonzaga-Round-1.docx,test,0.0,0.0,0.0,0.0,0.0,0.0,0.0,False
Emory-ChRa-Aff-Gonzaga-Round-3.docx,train,0.0,0.0,0.0,0.0,0.0,0.0,0.0,False
Emory-ChRa-Aff-Gonzaga-Round-5.docx,train,0.0,0.0,0.0,0.0,0.0,0.0,0.0,False
Emory-ChRa-Aff-Gonzaga-Round-8.docx,test,191.0,1560.0,0.0,0.0,0.0,7.0,0.12243589743589743,True
Emory-ChRa-Neg-Gonzaga-Round-2.docx,test,0.0,0.0,0.0,0.0,0.0,0.0,0.0,False
Emory-ChRa-Neg-Gonzaga-Round-4.docx,test,0.0,0.0,0.0,0.0,0.0,0.0,0.0,False
Emory-ChRa-Neg-Gonzaga-Round-6.docx,train,244.0,3493.0,2.0,2.0,2.0,1.0,0.0698539937016891,True
Emory-ChRa-Neg-Gonzaga-Round-7.docx,train,0.0,0.0,0.0,0.0,0.0,0.0,0.0,False
Emory-CrSt-Aff-Gonzaga-Round-1.docx,validation,0.0,0.0,0.0,0.0,0.0,0.0,0.0,False
Emory-CrSt-Aff-Gonzaga-Round-3.docx,train,0.0,0.0,0.0,0.0,0.0,0.0,0.0,False
Emory-CrSt-Aff-Gonzaga-Round-5.docx,test,358.0,4197.0,0.0,3.0,1.0,0.0,0.08529902311174649,True
Emory-CrSt-Aff-Gonzaga-Round-7.docx,test,0.0,0.0,0.0,0.0,0.0,0.0,0.0,False
Emory-CrSt-Neg-Gonzaga-Round-4.docx,test,0.0,0.0,0.0,0.0,0.0,0.0,0.0,False
Emory-CrSt-Neg-Gonzaga-Round-6.docx,train,0.0,0.0,0.0,0.0,0.0,0.0,0.0,False
Emory-GaSo-Aff-4.-Gonzaga-Round-3.docx,train,0.0,0.0,0.0,0.0,0.0,0.0,0.0,False
Emory-GaSo-Aff-4.-Gonzaga-Round-6.docx,train,0.0,0.0,0.0,0.0,0.0,0.0,0.0,False
Emory-GaSo-Aff-4.-Gonzaga-Round-7.docx,train,0.0,0.0,0.0,0.0,0.0,0.0,0.0,False
Emory-GaSo-Neg-4.-Gonzaga-Round-2.docx,train,2067.0,31791.0,8.0,9.0,6.0,18.0,0.06501840143436821,True
Emory-GaSo-Neg-4.-Gonzaga-Round-4.docx,test,0.0,0.0,0.0,0.0,0.0,0.0,0.0,False
Emory-GaSo-Neg-4.-Gonzaga-Round-5.docx,train,0.0,0.0,0.0,0.0,0.0,0.0,0.0,False
Emory-GaSo-Neg-4.-Gonzaga-Round-8.docx,train,24.0,242.0,0.0,0.0,0.0,0.0,0.09917355371900827,True
Emory-GrCh-Aff-3---Gonzaga-Round-1.docx,train,0.0,0.0,0.0,0.0,0.0,0.0,0.0,False
Emory-GrCh-Aff-3---Gonzaga-Round-4.docx,train,784.0,5530.0,4.0,1.0,1.0,2.0,0.14177215189873418,True
Emory-GrCh-Aff-3---Gonzaga-Round-6.docx,train,140.0,2192.0,1.0,1.0,5.0,0.0,0.06386861313868614,True
Emory-GrCh-Aff-3---Gonzaga-Round-7.docx,train,0.0,0.0,0.0,0.0,0.0,0.0,0.0,False
Emory-GrCh-Neg-3---Gonzaga-Round-2.docx,train,0.0,0.0,0.0,0.0,0.0,0.0,0.0,False
Emory-GrCh-Neg-3---Gonzaga-Round-3.docx,test,0.0,0.0,0.0,0.0,0.0,0.0,0.0,False
Emory-GrCh-Neg-3---Gonzaga-Round-5.docx,train,0.0,0.0,0.0,0.0,0.0,0.0,0.0,False
Emory-GrCh-Neg-3---Gonzaga-Round-8.docx,train,0.0,0.0,0.0,0.0,0.0,0.0,0.0,False
Emory-LoYa-Aff-03---Gonzaga-Round-2.docx,train,0.0,0.0,0.0,0.0,0.0,0.0,0.0,False
Emory-LoYa-Aff-03---Gonzaga-Round-4.docx,train,0.0,0.0,0.0,0.0,0.0,0.0,0.0,False
Emory-LoYa-Aff-03---Gonzaga-Round-6.docx,train,550.0,5704.0,1.0,1.0,1.0,0.0,0.09642356241234222,True
Emory-LoYa-Aff-03---Gonzaga-Round-7.docx,validation,1313.0,15250.0,4.0,1.0,10.0,6.0,0.0860983606557377,True
Emory-LoYa-Neg-03---Gonzaga-Round-1.docx,train,0.0,0.0,0.0,0.0,0.0,0.0,0.0,False
Emory-LoYa-Neg-03---Gonzaga-Round-3.docx,validation,0.0,0.0,0.0,0.0,0.0,0.0,0.0,False
Emory-LoYa-Neg-03---Gonzaga-Round-5.docx,train,0.0,0.0,0.0,0.0,0.0,0.0,0.0,False
Emory-LoYa-Neg-03---Gonzaga-Round-8.docx,train,613.0,4891.0,2.0,1.0,1.0,9.0,0.12533224289511347,True
Emory-RuYo-Aff-3.-Gonzaga-Round-1.docx,train,971.0,10610.0,3.0,4.0,2.0,0.0,0.09151743638077285,True
Emory-RuYo-Aff-3.-Gonzaga-Round-3.docx,validation,1349.0,14682.0,3.0,6.0,17.0,4.0,0.09188121509331154,True
Emory-RuYo-Aff-3.-Gonzaga-Round-5.docx,train,374.0,4223.0,1.0,4.0,1.0,2.0,0.08856263319914752,True
Emory-RuYo-Aff-3.-Gonzaga-Round-8.docx,validation,0.0,0.0,0.0,0.0,0.0,0.0,0.0,False
Emory-RuYo-Neg-3.-Gonzaga-Round-2.docx,train,0.0,0.0,0.0,0.0,0.0,0.0,0.0,False
Emory-RuYo-Neg-3.-Gonzaga-Round-4.docx,train,1193.0,13714.0,7.0,6.0,7.0,18.0,0.08699139565407613,True
Emory-RuYo-Neg-3.-Gonzaga-Round-7.docx,validation,0.0,0.0,0.0,0.0,0.0,0.0,0.0,False
Emory-StTa-Aff-Gonzaga-Round-2.docx,train,0.0,0.0,0.0,0.0,0.0,0.0,0.0,False
Emory-StTa-Aff-Gonzaga-Round-5.docx,test,0.0,0.0,0.0,0.0,0.0,0.0,0.0,False
Emory-StTa-Aff-Gonzaga-Round-8.docx,train,0.0,0.0,0.0,0.0,0.0,0.0,0.0,False
Emory-StTa-Neg-Gonzaga-Round-1.docx,validation,0.0,0.0,0.0,0.0,0.0,0.0,0.0,False
Emory-StTa-Neg-Gonzaga-Round-3.docx,train,0.0,0.0,0.0,0.0,0.0,0.0,0.0,False
Emory-StTa-Neg-Gonzaga-Round-6.docx,train,0.0,0.0,0.0,0.0,0.0,0.0,0.0,False
Emory-StTa-Neg-Gonzaga-Round-7.docx,train,0.0,0.0,0.0,0.0,0.0,0.0,0.0,False
Emory-WaKi-Aff-Gonzaga-University-Jesuit-Debates-Round-2.docx,train,0.0,0.0,0.0,0.0,0.0,0.0,0.0,False
Emory-WaKi-Aff-Gonzaga-University-Jesuit-Debates-Round-4.docx,train,0.0,0.0,0.0,0.0,0.0,0.0,0.0,False
Emory-WaKi-Aff-Gonzaga-University-Jesuit-Debates-Round-6.docx,train,0.0,0.0,0.0,0.0,0.0,0.0,0.0,False
Emory-WaKi-Aff-Gonzaga-University-Jesuit-Debates-Round-8.docx,validation,0.0,0.0,0.0,0.0,0.0,0.0,0.0,False
Emory-WaKi-Neg-Gonzaga-University-Jesuit-Debates-Round-1.docx,train,0.0,0.0,0.0,0.0,0.0,0.0,0.0,False
Emory-WaKi-Neg-Gonzaga-University-Jesuit-Debates-Round-3.docx,validation,0.0,0.0,0.0,0.0,0.0,0.0,0.0,False
Emory-WaKi-Neg-Gonzaga-University-Jesuit-Debates-Round-5.docx,train,0.0,0.0,0.0,0.0,0.0,0.0,0.0,False
Emory-WaKi-Neg-Gonzaga-University-Jesuit-Debates-Round-7.docx,train,122.0,2464.0,0.0,1.0,4.0,3.0,0.049512987012987016,True
GeorgeMason-WrWi-Aff-4---Gonzaga-Round-3.docx,validation,248.0,2956.0,1.0,1.0,0.0,2.0,0.08389715832205684,True
GeorgeMason-WrWi-Aff-4---Gonzaga-Round-5.docx,train,3486.0,44274.0,15.0,22.0,26.0,22.0,0.07873695622713105,True
GeorgeMason-WrWi-Aff-4---Gonzaga-Round-8.docx,train,2592.0,30084.0,15.0,13.0,21.0,14.0,0.086158755484643,True
GeorgeMason-WrWi-Neg-4---Gonzaga-Round-2.docx,train,164.0,2276.0,1.0,2.0,0.0,0.0,0.07205623901581722,True
GeorgeMason-WrWi-Neg-4---Gonzaga-Round-4.docx,train,629.0,8085.0,2.0,3.0,3.0,3.0,0.07779839208410637,True
GeorgeMason-WrWi-Neg-4---Gonzaga-Round-6.docx,train,908.0,3588.0,1.0,0.0,1.0,1.0,0.2530657748049052,True
GeorgeMason-WrWi-Neg-4---Gonzaga-Round-7.docx,train,3530.0,49232.0,10.0,17.0,22.0,31.0,0.07170133246668833,True
Georgetown-AgCo-Aff-04---Gonzaga-Round-1.docx,test,0.0,0.0,0.0,0.0,0.0,0.0,0.0,False
Georgetown-AgCo-Aff-04---Gonzaga-Round-4.docx,train,0.0,0.0,0.0,0.0,0.0,0.0,0.0,False
Georgetown-AgCo-Aff-04---Gonzaga-Round-6.docx,validation,0.0,0.0,0.0,0.0,0.0,0.0,0.0,False
Georgetown-AgCo-Aff-04---Gonzaga-Round-8.docx,train,0.0,0.0,0.0,0.0,0.0,0.0,0.0,False
Georgetown-AgCo-Neg-04---Gonzaga-Round-2.docx,train,257.0,2205.0,1.0,1.0,0.0,0.0,0.1165532879818594,True
Georgetown-AgCo-Neg-04---Gonzaga-Round-3.docx,test,1039.0,12824.0,2.0,7.0,3.0,16.0,0.08101996257018092,True
Georgetown-AgCo-Neg-04---Gonzaga-Round-5.docx,validation,34.0,398.0,0.0,0.0,0.0,0.0,0.08542713567839195,True
Georgetown-AgCo-Neg-04---Gonzaga-Round-7.docx,train,0.0,0.0,0.0,0.0,0.0,0.0,0.0,False
Georgetown-LaNa-Aff-03---Gonzaga-Round-2.docx,test,0.0,0.0,0.0,0.0,0.0,0.0,0.0,False
Georgetown-LaNa-Aff-03---Gonzaga-Round-4.docx,validation,0.0,0.0,0.0,0.0,0.0,0.0,0.0,False
Georgetown-LaNa-Aff-03---Gonzaga-Round-5.docx,train,0.0,0.0,0.0,0.0,0.0,0.0,0.0,False
Georgetown-LaNa-Aff-03---Gonzaga-Round-7.docx,train,152.0,970.0,0.0,1.0,0.0,0.0,0.15670103092783505,True
Georgetown-LaNa-Neg-03---Gonzaga-Round-1.docx,test,0.0,0.0,0.0,0.0,0.0,0.0,0.0,False
Georgetown-LaNa-Neg-03---Gonzaga-Round-3.docx,test,513.0,4392.0,3.0,1.0,0.0,0.0,0.1168032786885246,True
Georgetown-LaNa-Neg-03---Gonzaga-Round-6.docx,validation,0.0,0.0,0.0,0.0,0.0,0.0,0.0,False
Georgetown-LaNa-Neg-03---Gonzaga-Round-8.docx,train,0.0,0.0,0.0,0.0,0.0,0.0,0.0,False
Georgetown-PeTa-Aff-01---Jesuit-Debates-@-Gonzaga-University-Round-1.docx,test,0.0,0.0,0.0,0.0,0.0,0.0,0.0,False
Georgetown-PeTa-Aff-01---Jesuit-Debates-@-Gonzaga-University-Round-4.docx,validation,0.0,0.0,0.0,0.0,0.0,0.0,0.0,False
Georgetown-PeTa-Aff-01---Jesuit-Debates-@-Gonzaga-University-Round-6.docx,train,0.0,0.0,0.0,0.0,0.0,0.0,0.0,False
Georgetown-PeTa-Aff-01---Jesuit-Debates-@-Gonzaga-University-Round-8.docx,validation,0.0,0.0,0.0,0.0,0.0,0.0,0.0,False
Georgia-KaCh-Aff-3---Gonzaga-Round-2.docx,validation,0.0,0.0,0.0,0.0,0.0,0.0,0.0,False
Georgia-KaCh-Neg-3---Gonzaga-Round-1.docx,train,52.0,1045.0,0.0,0.0,3.0,0.0,0.049760765550239235,True
Georgia-KaCh-Neg-3---Gonzaga-Round-3.docx,train,0.0,0.0,0.0,0.0,0.0,0.0,0.0,False
Georgia-KaCh-Neg-3---Gonzaga-Round-6.docx,train,0.0,0.0,0.0,0.0,0.0,0.0,0.0,False
Georgia-KaCh-Neg-3---Gonzaga-Round-8.docx,train,61.0,553.0,2.0,0.0,0.0,0.0,0.11030741410488246,True
Gonzaga-WeRo-Aff-Gonzaga!-Round-1.docx,test,0.0,0.0,0.0,0.0,0.0,0.0,0.0,False
Gonzaga-WeRo-Neg-Gonzaga!-Round-2.docx,validation,599.0,4965.0,4.0,6.0,7.0,5.0,0.12064451158106747,True
Gonzaga-WeRo-Neg-Gonzaga!-Round-4.docx,train,1554.0,16488.0,2.0,2.0,7.0,1.0,0.09425036390101892,True
Gonzaga-WeRo-Neg-Gonzaga!-Round-6.docx,validation,0.0,0.0,0.0,0.0,0.0,0.0,0.0,False
Harvard-AoBo-Aff-2.-Gonzaga-Round-2.docx,train,1985.0,25565.0,15.0,11.0,11.0,27.0,0.07764521807158224,True
Harvard-AoBo-Aff-2.-Gonzaga-Round-4.docx,train,0.0,0.0,0.0,0.0,0.0,0.0,0.0,False
Harvard-AoBo-Aff-2.-Gonzaga-Round-6.docx,train,2171.0,29472.0,11.0,10.0,5.0,22.0,0.07366313789359392,True
Harvard-AoBo-Aff-2.-Gonzaga-Round-7.docx,test,0.0,0.0,0.0,0.0,0.0,0.0,0.0,False
Harvard-AoBo-Neg-2.-Gonzaga-Round-1.docx,train,1531.0,17781.0,5.0,1.0,9.0,7.0,0.08610314380518531,True
Harvard-AoBo-Neg-2.-Gonzaga-Round-3.docx,train,2032.0,28860.0,4.0,9.0,18.0,6.0,0.07040887040887041,True
Harvard-AoBo-Neg-2.-Gonzaga-Round-5.docx,train,1608.0,15667.0,3.0,7.0,7.0,7.0,0.10263611412523138,True
Harvard-AoBo-Neg-2.-Gonzaga-Round-8.docx,train,1272.0,15873.0,1.0,7.0,5.0,0.0,0.08013608013608013,True
Iowa-BiSa-Aff-3--Gonzaga-University-Jesuit-Debates-Round-2.docx,train,0.0,0.0,0.0,0.0,0.0,0.0,0.0,False
Iowa-BiSa-Neg-3--Gonzaga-University-Jesuit-Debates-Round-1.docx,train,0.0,0.0,0.0,0.0,0.0,0.0,0.0,False
Iowa-BiSa-Neg-3--Gonzaga-University-Jesuit-Debates-Round-4.docx,test,0.0,0.0,0.0,0.0,0.0,0.0,0.0,False
Iowa-BiSa-Neg-3--Gonzaga-University-Jesuit-Debates-Round-5.docx,test,0.0,0.0,0.0,0.0,0.0,0.0,0.0,False
Iowa-BiSa-Neg-3--Gonzaga-University-Jesuit-Debates-Round-8.docx,train,0.0,0.0,0.0,0.0,0.0,0.0,0.0,False
Iowa-KlSe-Aff-3.-Gonzaga-University-Jesuit-Debates-Round-2.docx,test,0.0,0.0,0.0,0.0,0.0,0.0,0.0,False
Iowa-KlSe-Aff-3.-Gonzaga-University-Jesuit-Debates-Round-7.docx,train,0.0,0.0,0.0,0.0,0.0,0.0,0.0,False
Iowa-KlSe-Neg-3.-Gonzaga-University-Jesuit-Debates-Round-1.docx,test,0.0,0.0,0.0,0.0,0.0,0.0,0.0,False
Iowa-KlSe-Neg-3.-Gonzaga-University-Jesuit-Debates-Round-4.docx,validation,270.0,2214.0,0.0,3.0,0.0,3.0,0.12195121951219512,True
Iowa-KlSe-Neg-3.-Gonzaga-University-Jesuit-Debates-Round-8.docx,train,0.0,0.0,0.0,0.0,0.0,0.0,0.0,False
Iowa-PaAn-Neg-Gonzaga-University-Jesuit-Debates-Round-2.docx,train,0.0,0.0,0.0,0.0,0.0,0.0,0.0,False
Iowa-PaAn-Neg-Gonzaga-University-Jesuit-Debates-Round-5.docx,train,0.0,0.0,0.0,0.0,0.0,0.0,0.0,False
Iowa-PaAn-Neg-Gonzaga-University-Jesuit-Debates-Round-8.docx,train,469.0,8528.0,2.0,0.0,0.0,13.0,0.0549953095684803,True
Iowa-WeEl-Aff-03-----Gonzaga-University-Jesuit-Debates-Round-2.docx,train,0.0,0.0,0.0,0.0,0.0,0.0,0.0,False
Iowa-WeEl-Neg-03-----Gonzaga-University-Jesuit-Debates-Round-1.docx,train,0.0,0.0,0.0,0.0,0.0,0.0,0.0,False
Iowa-WeEl-Neg-03-----Gonzaga-University-Jesuit-Debates-Round-4.docx,train,0.0,0.0,0.0,0.0,0.0,0.0,0.0,False
Iowa-WeEl-Neg-03-----Gonzaga-University-Jesuit-Debates-Round-6.docx,train,0.0,0.0,0.0,0.0,0.0,0.0,0.0,False
Iowa-WeEl-Neg-03-----Gonzaga-University-Jesuit-Debates-Round-8.docx,train,0.0,0.0,0.0,0.0,0.0,0.0,0.0,False
Kansas-AiUl-Aff-3.-Gonzaga-Round-1.docx,train,0.0,0.0,0.0,0.0,0.0,0.0,0.0,False
Kansas-AiUl-Aff-3.-Gonzaga-Round-4.docx,train,0.0,0.0,0.0,0.0,0.0,0.0,0.0,False
Kansas-AiUl-Aff-3.-Gonzaga-Round-6.docx,train,0.0,0.0,0.0,0.0,0.0,0.0,0.0,False
Kansas-AiUl-Aff-3.-Gonzaga-Round-8.docx,train,0.0,0.0,0.0,0.0,0.0,0.0,0.0,False
Kansas-AiUl-Neg-3.-Gonzaga-Round-2.docx,train,0.0,0.0,0.0,0.0,0.0,0.0,0.0,False
Kansas-AiUl-Neg-3.-Gonzaga-Round-3.docx,validation,975.0,9905.0,6.0,11.0,1.0,2.0,0.09843513377082282,True
Kansas-AiUl-Neg-3.-Gonzaga-Round-5.docx,train,0.0,0.0,0.0,0.0,0.0,0.0,0.0,False
Kansas-AiUl-Neg-3.-Gonzaga-Round-7.docx,train,0.0,0.0,0.0,0.0,0.0,0.0,0.0,False
Kansas-BaMc-Neg-3---Gonzaga-Round-2.docx,test,0.0,0.0,0.0,0.0,0.0,0.0,0.0,False
Kansas-BaMc-Neg-3---Gonzaga-Round-4.docx,train,0.0,0.0,0.0,0.0,0.0,0.0,0.0,False
Kansas-BaMc-Neg-3---Gonzaga-Round-5.docx,train,287.0,3923.0,0.0,1.0,0.0,0.0,0.07315829722151415,True
Kansas-BaMc-Neg-3---Gonzaga-Round-7.docx,test,337.0,3806.0,2.0,4.0,0.0,0.0,0.08854440357330531,True
Kansas-BrWa-Aff-3---Gonzaga-Round-1.docx,train,402.0,2684.0,1.0,1.0,0.0,2.0,0.1497764530551416,True
Kansas-BrWa-Aff-3---Gonzaga-Round-3.docx,train,139.0,1737.0,0.0,0.0,0.0,2.0,0.0800230282095567,True
Kansas-BrWa-Aff-3---Gonzaga-Round-6.docx,train,605.0,4433.0,1.0,5.0,0.0,4.0,0.13647642679900746,True
Kansas-BrWa-Aff-3---Gonzaga-Round-7.docx,test,0.0,0.0,0.0,0.0,0.0,0.0,0.0,False
Kansas-BrWa-Neg-3---Gonzaga-Round-2.docx,train,0.0,0.0,0.0,0.0,0.0,0.0,0.0,False
Kansas-BrWa-Neg-3---Gonzaga-Round-4.docx,train,0.0,0.0,0.0,0.0,0.0,0.0,0.0,False
Kansas-BrWa-Neg-3---Gonzaga-Round-5.docx,validation,0.0,0.0,0.0,0.0,0.0,0.0,0.0,False
Kansas-BrWa-Neg-3---Gonzaga-Round-8.docx,train,0.0,0.0,0.0,0.0,0.0,0.0,0.0,False
Kansas-LaSc-Neg-Gonzaga-Round-1.docx,train,0.0,0.0,0.0,0.0,0.0,0.0,0.0,False
Kansas-LaSc-Neg-Gonzaga-Round-4.docx,train,825.0,8392.0,1.0,4.0,0.0,0.0,0.09830791229742612,True
Kansas-LaSc-Neg-Gonzaga-Round-5.docx,train,0.0,0.0,0.0,0.0,0.0,0.0,0.0,False
Kansas-LaSc-Neg-Gonzaga-Round-8.docx,test,96.0,878.0,1.0,0.0,0.0,0.0,0.10933940774487472,True
Kansas-OwWi-Aff-3---Gonzaga-Round-2.docx,train,697.0,13516.0,4.0,4.0,3.0,2.0,0.05156851139390352,True
Kansas-OwWi-Aff-3---Gonzaga-Round-4.docx,validation,0.0,0.0,0.0,0.0,0.0,0.0,0.0,False
Kansas-OwWi-Aff-3---Gonzaga-Round-6.docx,train,0.0,0.0,0.0,0.0,0.0,0.0,0.0,False
Kansas-OwWi-Aff-3---Gonzaga-Round-7.docx,train,0.0,0.0,0.0,0.0,0.0,0.0,0.0,False
Kansas-OwWi-Neg-3---Gonzaga-Round-1.docx,train,456.0,6598.0,1.0,1.0,2.0,3.0,0.06911185207638679,True
Kansas-OwWi-Neg-3---Gonzaga-Round-3.docx,train,0.0,0.0,0.0,0.0,0.0,0.0,0.0,False
Kansas-OwWi-Neg-3---Gonzaga-Round-5.docx,test,0.0,0.0,0.0,0.0,0.0,0.0,0.0,False
Kansas-OwWi-Neg-3---Gonzaga-Round-8.docx,train,0.0,0.0,0.0,0.0,0.0,0.0,0.0,False
Kentucky-GaSl-Aff-Gonzaga-Round-1.docx,train,664.0,9733.0,4.0,3.0,2.0,9.0,0.06822151443542587,True
Kentucky-GaSl-Aff-Gonzaga-Round-3.docx,train,1758.0,30305.0,9.0,11.0,10.0,8.0,0.05801022933509322,True
Kentucky-GaSl-Aff-Gonzaga-Round-6.docx,train,554.0,4370.0,2.0,1.0,0.0,1.0,0.12677345537757437,True
Kentucky-GaSl-Aff-Gonzaga-Round-7.docx,validation,2188.0,19137.0,14.0,4.0,3.0,19.0,0.11433349009771647,True
Kentucky-GaSl-Neg-Gonzaga-Round-2.docx,validation,750.0,8914.0,4.0,5.0,1.0,0.0,0.08413731209333633,True
Kentucky-GaSl-Neg-Gonzaga-Round-4.docx,validation,1195.0,15030.0,1.0,9.0,0.0,0.0,0.0795076513639388,True
Kentucky-GaSl-Neg-Gonzaga-Round-5.docx,test,1433.0,12040.0,6.0,9.0,11.0,9.0,0.11901993355481727,True
Kentucky-GaSl-Neg-Gonzaga-Round-8.docx,train,276.0,2121.0,1.0,2.0,2.0,1.0,0.13012729844413012,True
Kentucky-RiWa-Aff-Gonzaga-Round-1.docx,train,0.0,0.0,0.0,0.0,0.0,0.0,0.0,False
Kentucky-RiWa-Neg-Gonzaga-Round-2.docx,train,0.0,0.0,0.0,0.0,0.0,0.0,0.0,False
Kentucky-RiWa-Neg-Gonzaga-Round-3.docx,test,0.0,0.0,0.0,0.0,0.0,0.0,0.0,False
Kentucky-RiWa-Neg-Gonzaga-Round-5.docx,test,765.0,10842.0,2.0,3.0,16.0,16.0,0.07055893746541228,True
Kentucky-RiWa-Neg-Gonzaga-Round-7.docx,train,0.0,0.0,0.0,0.0,0.0,0.0,0.0,False
Michigan-BaPa-Aff-Gonzaga-Round-2.docx,train,3386.0,67731.0,11.0,6.0,24.0,15.0,0.04999187964152308,True
Michigan-BaPa-Aff-Gonzaga-Round-3.docx,train,6255.0,105297.0,24.0,18.0,18.0,44.0,0.05940340180631927,True
Michigan-BaPa-Aff-Gonzaga-Round-5.docx,validation,6333.0,99003.0,36.0,25.0,28.0,40.0,0.06396775855277113,True
Michigan-BaPa-Aff-Gonzaga-Round-7.docx,train,4811.0,90372.0,15.0,15.0,24.0,34.0,0.05323551542513168,True
Michigan-BaPa-Neg-Gonzaga-Round-1.docx,train,3369.0,41760.0,8.0,14.0,2.0,1.0,0.08067528735632185,True
Michigan-BaPa-Neg-Gonzaga-Round-4.docx,train,3025.0,40191.0,7.0,8.0,4.0,1.0,0.0752656067278744,True
Michigan-BaPa-Neg-Gonzaga-Round-6.docx,train,7071.0,93296.0,21.0,53.0,61.0,67.0,0.07579103069799348,True
Michigan-BaPa-Neg-Gonzaga-Round-8.docx,train,2343.0,37362.0,13.0,8.0,12.0,27.0,0.06271077565440822,True
Michigan-ChCh-Aff-3---Gonzaga-Round-1.docx,train,3357.0,70063.0,13.0,7.0,17.0,31.0,0.047914020238927824,True
Michigan-ChCh-Aff-3---Gonzaga-Round-4.docx,validation,3917.0,63383.0,14.0,17.0,20.0,36.0,0.06179890506918259,True
Michigan-ChCh-Aff-3---Gonzaga-Round-5.docx,train,3573.0,47936.0,21.0,32.0,14.0,51.0,0.07453688251001335,True
Michigan-ChCh-Aff-3---Gonzaga-Round-8.docx,test,4265.0,51502.0,25.0,19.0,16.0,55.0,0.08281231796823424,True
Michigan-ChCh-Neg-3---Gonzaga-Round-2.docx,validation,994.0,28493.0,3.0,6.0,4.0,1.0,0.034885761415084406,True
Michigan-ChCh-Neg-3---Gonzaga-Round-3.docx,train,2299.0,41866.0,4.0,4.0,3.0,5.0,0.05491329479768786,True
Michigan-ChCh-Neg-3---Gonzaga-Round-6.docx,train,2053.0,31623.0,7.0,7.0,3.0,32.0,0.06492110172975366,True
Michigan-ChCh-Neg-3---Gonzaga-Round-7.docx,test,1404.0,35420.0,5.0,1.0,5.0,9.0,0.0396386222473179,True
Michigan-ChSa-Aff-3---Gonzaga-Round-2.docx,train,0.0,0.0,0.0,0.0,0.0,0.0,0.0,False
Michigan-ChSa-Aff-3---Gonzaga-Round-5.docx,train,0.0,0.0,0.0,0.0,0.0,0.0,0.0,False
Michigan-ChSa-Aff-3---Gonzaga-Round-7.docx,train,0.0,0.0,0.0,0.0,0.0,0.0,0.0,False
Michigan-ChSa-Neg-3---Gonzaga-Round-1.docx,train,924.0,11031.0,2.0,3.0,0.0,0.0,0.08376393799292901,True
Michigan-ChSa-Neg-3---Gonzaga-Round-4.docx,train,1959.0,40565.0,10.0,10.0,11.0,4.0,0.0482928633058055,True
Michigan-ChSa-Neg-3---Gonzaga-Round-6.docx,validation,1727.0,30206.0,12.0,15.0,16.0,4.0,0.0571740713765477,True
Michigan-ChSa-Neg-3---Gonzaga-Round-8.docx,train,1592.0,27727.0,6.0,7.0,11.0,9.0,0.05741695819958885,True
Michigan-EsSh-Aff-Gonzaga-Round-1.docx,validation,4060.0,71136.0,18.0,15.0,23.0,41.0,0.057073774179037334,True
Michigan-EsSh-Aff-Gonzaga-Round-4.docx,validation,3801.0,62628.0,10.0,19.0,33.0,12.0,0.0606917033914543,True
Michigan-EsSh-Aff-Gonzaga-Round-5.docx,train,4266.0,74595.0,13.0,14.0,56.0,24.0,0.05718881962598029,True
Michigan-EsSh-Aff-Gonzaga-Round-8.docx,validation,4555.0,73050.0,9.0,24.0,37.0,37.0,0.06235455167693361,True
Michigan-EsSh-Neg-Gonzaga-Round-2.docx,validation,1258.0,28206.0,5.0,1.0,6.0,0.0,0.044600439622775295,True
Michigan-EsSh-Neg-Gonzaga-Round-3.docx,train,3872.0,55856.0,17.0,14.0,5.0,31.0,0.06932111142938986,True
Michigan-EsSh-Neg-Gonzaga-Round-6.docx,train,1707.0,19913.0,4.0,8.0,1.0,28.0,0.0857228945914729,True
Michigan-EsSh-Neg-Gonzaga-Round-7.docx,train,1115.0,29762.0,7.0,1.0,4.0,2.0,0.03746388011558363,True
Michigan-HwMc-Aff-2---Gonzaga-Round-1.docx,train,3005.0,60360.0,17.0,14.0,16.0,19.0,0.049784625579854205,True
Michigan-HwMc-Aff-2---Gonzaga-Round-3.docx,train,2989.0,50860.0,11.0,10.0,17.0,32.0,0.05876917027133307,True
Michigan-HwMc-Aff-2---Gonzaga-Round-6.docx,train,4406.0,65687.0,18.0,23.0,13.0,31.0,0.06707567707461141,True
Michigan-HwMc-Aff-2---Gonzaga-Round-7.docx,train,3363.0,57850.0,18.0,8.0,12.0,29.0,0.05813310285220397,True
Michigan-HwMc-Neg-2---Gonzaga-Round-2.docx,train,3743.0,52923.0,9.0,19.0,15.0,46.0,0.07072539349621147,True
Michigan-HwMc-Neg-2---Gonzaga-Round-4.docx,train,2726.0,47716.0,11.0,9.0,17.0,16.0,0.05712968396345042,True
Michigan-HwMc-Neg-2---Gonzaga-Round-5.docx,train,2594.0,38762.0,7.0,12.0,12.0,35.0,0.06692121149579484,True
Michigan-HwMc-Neg-2---Gonzaga-Round-8.docx,train,2661.0,52339.0,7.0,14.0,21.0,11.0,0.05084162861346224,True
Michigan-MoAl-Aff-2---Gonzaga-Round-2.docx,train,1394.0,26749.0,6.0,2.0,12.0,6.0,0.05211409772327937,True
Michigan-MoAl-Aff-2---Gonzaga-Round-3.docx,test,1394.0,26749.0,6.0,2.0,12.0,6.0,0.05211409772327937,True
Michigan-MoAl-Aff-2---Gonzaga-Round-6.docx,train,2974.0,41172.0,9.0,6.0,7.0,36.0,0.07223355678616536,True
Michigan-MoAl-Aff-2---Gonzaga-Round-8.docx,train,2445.0,36238.0,7.0,3.0,18.0,10.0,0.0674706109608698,True
Michigan-MoAl-Neg-2---Gonzaga-Round-1.docx,test,0.0,0.0,0.0,0.0,0.0,0.0,0.0,False
Michigan-MoAl-Neg-2---Gonzaga-Round-4.docx,train,2768.0,62330.0,15.0,16.0,18.0,25.0,0.044408791914006096,True
Michigan-MoAl-Neg-2---Gonzaga-Round-5.docx,train,1163.0,11471.0,1.0,4.0,1.0,3.0,0.10138610408857118,True
Michigan-MoAl-Neg-2---Gonzaga-Round-7.docx,train,0.0,0.0,0.0,0.0,0.0,0.0,0.0,False
Michigan-OuAg-Aff-4-Gonzaga-University-Jesuit-Debates-Round-1.docx,train,3134.0,41303.0,8.0,6.0,9.0,45.0,0.07587826550129531,True
Michigan-OuAg-Aff-4-Gonzaga-University-Jesuit-Debates-Round-4.docx,train,4308.0,77792.0,19.0,9.0,32.0,26.0,0.05537844508432744,True
Michigan-OuAg-Aff-4-Gonzaga-University-Jesuit-Debates-Round-5.docx,train,3440.0,48619.0,7.0,10.0,8.0,19.0,0.07075423188465414,True
Michigan-OuAg-Aff-4-Gonzaga-University-Jesuit-Debates-Round-7.docx,train,4695.0,85840.0,28.0,15.0,20.0,39.0,0.05469478098788444,True
Michigan-OuAg-Neg-4-Gonzaga-University-Jesuit-Debates-Round-2.docx,train,3722.0,44913.0,5.0,28.0,18.0,57.0,0.08287132901387126,True
Michigan-OuAg-Neg-4-Gonzaga-University-Jesuit-Debates-Round-3.docx,train,2405.0,34623.0,4.0,17.0,3.0,2.0,0.06946249602865147,True
Michigan-OuAg-Neg-4-Gonzaga-University-Jesuit-Debates-Round-6.docx,train,1883.0,17892.0,4.0,12.0,8.0,42.0,0.10524256651017215,True
Michigan-OuAg-Neg-4-Gonzaga-University-Jesuit-Debates-Round-8.docx,train,0.0,0.0,0.0,0.0,0.0,0.0,0.0,False
Michigan-ShSh-Aff-Gonzaga-Round-2.docx,train,4569.0,77926.0,24.0,12.0,16.0,23.0,0.05863254882837564,True
Michigan-ShSh-Aff-Gonzaga-Round-3.docx,train,5004.0,80939.0,20.0,21.0,37.0,11.0,0.06182433684626694,True
Michigan-ShSh-Aff-Gonzaga-Round-5.docx,train,3123.0,46100.0,11.0,13.0,16.0,9.0,0.06774403470715835,True
Michigan-ShSh-Aff-Gonzaga-Round-7.docx,train,5848.0,88855.0,17.0,17.0,52.0,50.0,0.06581509200382646,True
Michigan-ShSh-Neg-Gonzaga-Round-1.docx,train,2089.0,34015.0,5.0,8.0,2.0,0.0,0.061414082022637075,True
Michigan-ShSh-Neg-Gonzaga-Round-4.docx,train,2641.0,38730.0,5.0,12.0,3.0,2.0,0.06819003356571134,True
Michigan-ShSh-Neg-Gonzaga-Round-6.docx,train,1247.0,22330.0,5.0,10.0,1.0,10.0,0.05584415584415584,True
Michigan-ShSh-Neg-Gonzaga-Round-8.docx,train,2625.0,34336.0,6.0,9.0,4.0,3.0,0.07645037278657968,True
MichiganState-FoMa-Aff-04---Gonzaga-Round-2.docx,train,301.0,4192.0,0.0,0.0,1.0,0.0,0.07180343511450382,True
MichiganState-FoMa-Aff-04---Gonzaga-Round-4.docx,train,341.0,2382.0,2.0,3.0,0.0,0.0,0.1431570109151973,True
MichiganState-FoMa-Aff-04---Gonzaga-Round-6.docx,train,248.0,3452.0,1.0,1.0,0.0,2.0,0.07184241019698726,True
MichiganState-FoMa-Aff-04---Gonzaga-Round-7.docx,train,1450.0,15319.0,5.0,6.0,4.0,9.0,0.09465369802206411,True
MichiganState-FoMa-Neg-04---Gonzaga-Round-1.docx,train,0.0,0.0,0.0,0.0,0.0,0.0,0.0,False
MichiganState-FoMa-Neg-04---Gonzaga-Round-3.docx,train,777.0,15265.0,1.0,2.0,2.0,17.0,0.050900753357353425,True
MichiganState-FoMa-Neg-04---Gonzaga-Round-5.docx,validation,827.0,12907.0,2.0,2.0,1.0,28.0,0.06407375842566049,True
MichiganState-FoMa-Neg-04---Gonzaga-Round-8.docx,test,1356.0,15689.0,4.0,1.0,3.0,0.0,0.08642998279049015,True
MichiganState-GeSh-Aff-Gonzaga-University-Jesuit-Debates-Round-2.docx,train,0.0,0.0,0.0,0.0,0.0,0.0,0.0,False
MichiganState-GeSh-Aff-Gonzaga-University-Jesuit-Debates-Round-3.docx,train,0.0,0.0,0.0,0.0,0.0,0.0,0.0,False
MichiganState-GeSh-Neg-Gonzaga-University-Jesuit-Debates-Round-1.docx,train,0.0,0.0,0.0,0.0,0.0,0.0,0.0,False
MichiganState-GeSh-Neg-Gonzaga-University-Jesuit-Debates-Round-4.docx,train,0.0,0.0,0.0,0.0,0.0,0.0,0.0,False
MichiganState-GeSh-Neg-Gonzaga-University-Jesuit-Debates-Round-6.docx,test,0.0,0.0,0.0,0.0,0.0,0.0,0.0,False
MichiganState-GeSh-Neg-Gonzaga-University-Jesuit-Debates-Round-8.docx,train,0.0,0.0,0.0,0.0,0.0,0.0,0.0,False
MichiganState-GuLe-Aff-Gonzaga-Round-1.docx,validation,446.0,7694.0,1.0,5.0,0.0,0.0,0.05796724720561477,True
MichiganState-GuLe-Aff-Gonzaga-Round-4.docx,test,0.0,0.0,0.0,0.0,0.0,0.0,0.0,False
MichiganState-GuLe-Aff-Gonzaga-Round-5.docx,train,0.0,0.0,0.0,0.0,0.0,0.0,0.0,False
MichiganState-GuLe-Aff-Gonzaga-Round-8.docx,validation,2452.0,24150.0,3.0,9.0,12.0,12.0,0.10153209109730849,True
MichiganState-GuLe-Neg-Gonzaga-Round-2.docx,validation,799.0,15411.0,1.0,0.0,1.0,0.0,0.05184608396599831,True
MichiganState-GuLe-Neg-Gonzaga-Round-3.docx,test,177.0,1589.0,0.0,0.0,0.0,2.0,0.11139081183134046,True
MichiganState-GuLe-Neg-Gonzaga-Round-6.docx,train,0.0,0.0,0.0,0.0,0.0,0.0,0.0,False
MichiganState-GuLe-Neg-Gonzaga-Round-7.docx,train,0.0,0.0,0.0,0.0,0.0,0.0,0.0,False
MichiganState-JaSc-Aff-4---Gonzaga-Round-1.docx,train,0.0,0.0,0.0,0.0,0.0,0.0,0.0,False
MichiganState-JaSc-Aff-4---Gonzaga-Round-3.docx,train,0.0,0.0,0.0,0.0,0.0,0.0,0.0,False
MichiganState-JaSc-Aff-4---Gonzaga-Round-5.docx,train,0.0,0.0,0.0,0.0,0.0,0.0,0.0,False
MichiganState-JaSc-Neg-4---Gonzaga-Round-2.docx,train,3488.0,39321.0,14.0,12.0,29.0,49.0,0.08870578062612854,True
MichiganState-JaSc-Neg-4---Gonzaga-Round-4.docx,test,1607.0,17668.0,4.0,2.0,2.0,19.0,0.09095539959248358,True
MichiganState-JaSc-Neg-4---Gonzaga-Round-6.docx,test,0.0,0.0,0.0,0.0,0.0,0.0,0.0,False
MichiganState-JaSc-Neg-4---Gonzaga-Round-8.docx,train,0.0,0.0,0.0,0.0,0.0,0.0,0.0,False
Minnesota-HaUs-Aff-3-Gonzaga-University-Jesuit-Debates-Round-1.docx,train,3144.0,53865.0,25.0,17.0,20.0,20.0,0.058368142578668895,True
Minnesota-HaUs-Aff-3-Gonzaga-University-Jesuit-Debates-Round-4.docx,test,3299.0,57311.0,28.0,18.0,24.0,13.0,0.05756312051787615,True
Minnesota-HaUs-Aff-3-Gonzaga-University-Jesuit-Debates-Round-5.docx,train,4237.0,75682.0,21.0,22.0,29.0,26.0,0.05598424988768796,True
Minnesota-HaUs-Neg-3-Gonzaga-University-Jesuit-Debates-Round-2.docx,train,2079.0,26088.0,1.0,20.0,8.0,19.0,0.0796918123275069,True
Minnesota-HaUs-Neg-3-Gonzaga-University-Jesuit-Debates-Round-3.docx,train,0.0,0.0,0.0,0.0,0.0,0.0,0.0,False
Minnesota-HaUs-Neg-3-Gonzaga-University-Jesuit-Debates-Round-6.docx,train,1048.0,13909.0,5.0,3.0,0.0,7.0,0.07534689769214178,True
Minnesota-HaUs-Neg-3-Gonzaga-University-Jesuit-Debates-Round-7.docx,train,1726.0,23338.0,6.0,9.0,21.0,7.0,0.07395663724397977,True
Navy-CoRe-Aff-Gonzaga-Round-4.docx,test,0.0,0.0,0.0,0.0,0.0,0.0,0.0,False
Northwestern-ArHi-Aff-01---Gonzaga-Round-2.docx,test,0.0,0.0,0.0,0.0,0.0,0.0,0.0,False
Northwestern-ArHi-Aff-01---Gonzaga-Round-3.docx,train,0.0,0.0,0.0,0.0,0.0,0.0,0.0,False
Northwestern-ArHi-Aff-01---Gonzaga-Round-6.docx,train,0.0,0.0,0.0,0.0,0.0,0.0,0.0,False
Northwestern-ArHi-Aff-01---Gonzaga-Round-8.docx,test,0.0,0.0,0.0,0.0,0.0,0.0,0.0,False
Northwestern-ArHi-Neg-01---Gonzaga-Round-1.docx,validation,0.0,0.0,0.0,0.0,0.0,0.0,0.0,False
Northwestern-ArHi-Neg-01---Gonzaga-Round-4.docx,train,0.0,0.0,0.0,0.0,0.0,0.0,0.0,False
Northwestern-ArHi-Neg-01---Gonzaga-Round-5.docx,test,0.0,0.0,0.0,0.0,0.0,0.0,0.0,False
Northwestern-ArHi-Neg-01---Gonzaga-Round-7.docx,train,0.0,0.0,0.0,0.0,0.0,0.0,0.0,False
Northwestern-ArTa-Aff-3.-Gonzaga-Round-2.docx,train,0.0,0.0,0.0,0.0,0.0,0.0,0.0,False
Northwestern-ArTa-Aff-3.-Gonzaga-Round-4.docx,train,0.0,0.0,0.0,0.0,0.0,0.0,0.0,False
Northwestern-ArTa-Aff-3.-Gonzaga-Round-5.docx,train,0.0,0.0,0.0,0.0,0.0,0.0,0.0,False
Northwestern-ArTa-Aff-3.-Gonzaga-Round-8.docx,train,197.0,2697.0,0.0,4.0,0.0,2.0,0.07304412309974045,True
Northwestern-ArTa-Neg-3.-Gonzaga-Round-1.docx,test,0.0,0.0,0.0,0.0,0.0,0.0,0.0,False
Northwestern-ArTa-Neg-3.-Gonzaga-Round-3.docx,train,0.0,0.0,0.0,0.0,0.0,0.0,0.0,False
Northwestern-ArTa-Neg-3.-Gonzaga-Round-6.docx,train,0.0,0.0,0.0,0.0,0.0,0.0,0.0,False
Northwestern-ArTa-Neg-3.-Gonzaga-Round-7.docx,train,0.0,0.0,0.0,0.0,0.0,0.0,0.0,False
Northwestern-HePe-Aff-02---Gonzaga-University-Jesuit-Debates-Round-1.docx,test,0.0,0.0,0.0,0.0,0.0,0.0,0.0,False
Northwestern-HePe-Aff-02---Gonzaga-University-Jesuit-Debates-Round-4.docx,test,0.0,0.0,0.0,0.0,0.0,0.0,0.0,False
Northwestern-HePe-Aff-02---Gonzaga-University-Jesuit-Debates-Round-5.docx,train,0.0,0.0,0.0,0.0,0.0,0.0,0.0,False
Northwestern-HePe-Aff-02---Gonzaga-University-Jesuit-Debates-Round-8.docx,test,0.0,0.0,0.0,0.0,0.0,0.0,0.0,False
Northwestern-HePe-Neg-02---Gonzaga-University-Jesuit-Debates-Round-2.docx,test,328.0,2374.0,1.0,0.0,0.0,0.0,0.13816343723673125,True
Northwestern-HePe-Neg-02---Gonzaga-University-Jesuit-Debates-Round-3.docx,train,0.0,0.0,0.0,0.0,0.0,0.0,0.0,False
Northwestern-HePe-Neg-02---Gonzaga-University-Jesuit-Debates-Round-6.docx,train,0.0,0.0,0.0,0.0,0.0,0.0,0.0,False
Northwestern-HePe-Neg-02---Gonzaga-University-Jesuit-Debates-Round-7.docx,test,0.0,0.0,0.0,0.0,0.0,0.0,0.0,False
Northwestern-LeWe-Aff-3---Gonzaga-Round-2.docx,train,1460.0,17270.0,9.0,6.0,9.0,13.0,0.08453966415749856,True
Northwestern-LeWe-Aff-3---Gonzaga-Round-3.docx,train,0.0,0.0,0.0,0.0,0.0,0.0,0.0,False
Northwestern-LeWe-Aff-3---Gonzaga-Round-6.docx,train,1366.0,17445.0,1.0,3.0,2.0,2.0,0.07830323875035827,True
Northwestern-LeWe-Aff-3---Gonzaga-Round-7.docx,train,0.0,0.0,0.0,0.0,0.0,0.0,0.0,False
Northwestern-LeWe-Neg-3---Gonzaga-Round-1.docx,test,0.0,0.0,0.0,0.0,0.0,0.0,0.0,False
Northwestern-LeWe-Neg-3---Gonzaga-Round-4.docx,train,0.0,0.0,0.0,0.0,0.0,0.0,0.0,False
Northwestern-LeWe-Neg-3---Gonzaga-Round-5.docx,train,0.0,0.0,0.0,0.0,0.0,0.0,0.0,False
Northwestern-LeWe-Neg-3---Gonzaga-Round-8.docx,train,0.0,0.0,0.0,0.0,0.0,0.0,0.0,False
Northwestern-LuLe-Aff-03---Gonzaga-Round-2.docx,validation,0.0,0.0,0.0,0.0,0.0,0.0,0.0,False
Northwestern-LuLe-Aff-03---Gonzaga-Round-5.docx,train,0.0,0.0,0.0,0.0,0.0,0.0,0.0,False
Northwestern-LuLe-Aff-03---Gonzaga-Round-7.docx,train,0.0,0.0,0.0,0.0,0.0,0.0,0.0,False
Northwestern-LuLe-Neg-03---Gonzaga-Round-1.docx,validation,0.0,0.0,0.0,0.0,0.0,0.0,0.0,False
Northwestern-LuLe-Neg-03---Gonzaga-Round-3.docx,test,0.0,0.0,0.0,0.0,0.0,0.0,0.0,False
Northwestern-LuLe-Neg-03---Gonzaga-Round-6.docx,train,0.0,0.0,0.0,0.0,0.0,0.0,0.0,False
Northwestern-LuLe-Neg-03---Gonzaga-Round-8.docx,train,0.0,0.0,0.0,0.0,0.0,0.0,0.0,False
Northwestern-NePa-Aff-2---Gonzaga-Round-1.docx,train,0.0,0.0,0.0,0.0,0.0,0.0,0.0,False
Northwestern-NePa-Aff-2---Gonzaga-Round-4.docx,train,0.0,0.0,0.0,0.0,0.0,0.0,0.0,False
Northwestern-NePa-Aff-2---Gonzaga-Round-6.docx,train,0.0,0.0,0.0,0.0,0.0,0.0,0.0,False
Northwestern-NePa-Aff-2---Gonzaga-Round-7.docx,validation,0.0,0.0,0.0,0.0,0.0,0.0,0.0,False
Northwestern-NePa-Neg-2---Gonzaga-Round-2.docx,train,0.0,0.0,0.0,0.0,0.0,0.0,0.0,False
Northwestern-NePa-Neg-2---Gonzaga-Round-3.docx,train,0.0,0.0,0.0,0.0,0.0,0.0,0.0,False
Northwestern-NePa-Neg-2---Gonzaga-Round-5.docx,train,2393.0,23063.0,7.0,7.0,1.0,0.0,0.1037592680917487,True
Northwestern-NePa-Neg-2---Gonzaga-Round-8.docx,train,359.0,5911.0,3.0,0.0,0.0,0.0,0.060734224327524955,True
Northwestern-RuLi-Aff-03---Gonzaga-Round-2.docx,train,0.0,0.0,0.0,0.0,0.0,0.0,0.0,False
Northwestern-RuLi-Aff-03---Gonzaga-Round-3.docx,train,0.0,0.0,0.0,0.0,0.0,0.0,0.0,False
Northwestern-RuLi-Aff-03---Gonzaga-Round-6.docx,train,249.0,4081.0,3.0,0.0,2.0,0.0,0.06101445724087234,True
Northwestern-RuLi-Aff-03---Gonzaga-Round-7.docx,validation,0.0,0.0,0.0,0.0,0.0,0.0,0.0,False
Northwestern-RuLi-Neg-03---Gonzaga-Round-1.docx,train,0.0,0.0,0.0,0.0,0.0,0.0,0.0,False
Northwestern-RuLi-Neg-03---Gonzaga-Round-4.docx,validation,693.0,11606.0,3.0,2.0,5.0,5.0,0.05971049457177322,True
Northwestern-RuLi-Neg-03---Gonzaga-Round-5.docx,train,0.0,0.0,0.0,0.0,0.0,0.0,0.0,False
Northwestern-RuLi-Neg-03---Gonzaga-Round-8.docx,validation,0.0,0.0,0.0,0.0,0.0,0.0,0.0,False
Purdue-HaHa-Aff-1---Gonzaga-Round-2.docx,train,542.0,8124.0,2.0,1.0,3.0,6.0,0.06671590349581487,True
Purdue-HaHa-Aff-1---Gonzaga-Round-4.docx,train,629.0,9706.0,0.0,0.0,1.0,5.0,0.06480527508757469,True
Purdue-HaHa-Aff-1---Gonzaga-Round-6.docx,train,141.0,558.0,0.0,2.0,0.0,0.0,0.25268817204301075,True
Purdue-HaHa-Aff-1---Gonzaga-Round-7.docx,train,0.0,0.0,0.0,0.0,0.0,0.0,0.0,False
Purdue-HaHa-Neg-1---Gonzaga-Round-1.docx,train,0.0,0.0,0.0,0.0,0.0,0.0,0.0,False
Purdue-HaHa-Neg-1---Gonzaga-Round-3.docx,train,997.0,13792.0,4.0,5.0,10.0,5.0,0.07228828306264501,True
Purdue-HaHa-Neg-1---Gonzaga-Round-5.docx,train,1059.0,16445.0,5.0,2.0,13.0,8.0,0.06439647309212526,True
Purdue-HaHa-Neg-1---Gonzaga-Round-8.docx,validation,1607.0,27135.0,11.0,9.0,19.0,9.0,0.05922240648608808,True
SouthernCalifornia-BhRa-Aff-2-Gonzaga-Round-2.docx,train,0.0,0.0,0.0,0.0,0.0,0.0,0.0,False
SouthernCalifornia-BhRa-Aff-2-Gonzaga-Round-5.docx,train,0.0,0.0,0.0,0.0,0.0,0.0,0.0,False
SouthernCalifornia-BhRa-Neg-2-Gonzaga-Round-1.docx,train,0.0,0.0,0.0,0.0,0.0,0.0,0.0,False
SouthernCalifornia-BhRa-Neg-2-Gonzaga-Round-4.docx,train,0.0,0.0,0.0,0.0,0.0,0.0,0.0,False
SouthernCalifornia-BhRa-Neg-2-Gonzaga-Round-6.docx,train,0.0,0.0,0.0,0.0,0.0,0.0,0.0,False
SouthernCalifornia-BrMa-Aff-Gonzaga-Round-1.docx,train,0.0,0.0,0.0,0.0,0.0,0.0,0.0,False
SouthernCalifornia-BrMa-Aff-Gonzaga-Round-3.docx,test,0.0,0.0,0.0,0.0,0.0,0.0,0.0,False
SouthernCalifornia-BrMa-Aff-Gonzaga-Round-5.docx,train,0.0,0.0,0.0,0.0,0.0,0.0,0.0,False
SouthernCalifornia-BrMa-Aff-Gonzaga-Round-7.docx,validation,0.0,0.0,0.0,0.0,0.0,0.0,0.0,False
SouthernCalifornia-BrMa-Neg-Gonzaga-Round-2.docx,train,0.0,0.0,0.0,0.0,0.0,0.0,0.0,False
SouthernCalifornia-BrMa-Neg-Gonzaga-Round-4.docx,train,0.0,0.0,0.0,0.0,0.0,0.0,0.0,False
SouthernCalifornia-BrMa-Neg-Gonzaga-Round-6.docx,train,0.0,0.0,0.0,0.0,0.0,0.0,0.0,False
SouthernCalifornia-BrMa-Neg-Gonzaga-Round-8.docx,validation,0.0,0.0,0.0,0.0,0.0,0.0,0.0,False
SouthernCalifornia-TrMi-Aff-Gonzaga-Round-2.docx,train,0.0,0.0,0.0,0.0,0.0,0.0,0.0,False
SouthernCalifornia-TrMi-Neg-Gonzaga-Round-1.docx,train,0.0,0.0,0.0,0.0,0.0,0.0,0.0,False
SouthernCalifornia-TrMi-Neg-Gonzaga-Round-4.docx,train,0.0,0.0,0.0,0.0,0.0,0.0,0.0,False
SouthernCalifornia-TrMi-Neg-Gonzaga-Round-6.docx,train,0.0,0.0,0.0,0.0,0.0,0.0,0.0,False
SouthernCalifornia-TrMi-Neg-Gonzaga-Round-7.docx,train,0.0,0.0,0.0,0.0,0.0,0.0,0.0,False
SouthernCalifornia-VeHu-Aff-Gonzaga-University-Jesuit-Debates-Round-2.docx,train,0.0,0.0,0.0,0.0,0.0,0.0,0.0,False
SouthernCalifornia-VeHu-Aff-Gonzaga-University-Jesuit-Debates-Round-3.docx,train,0.0,0.0,0.0,0.0,0.0,0.0,0.0,False
Stanford-LaYa-Aff-Gonzaga-University-Jesuit-Debates-Round-2.docx,train,1263.0,13771.0,1.0,6.0,2.0,23.0,0.09171447244208844,True
Stanford-LaYa-Neg-Gonzaga-University-Jesuit-Debates-Round-1.docx,validation,4681.0,75949.0,15.0,26.0,37.0,64.0,0.061633464561745385,True
Stanford-LaYa-Neg-Gonzaga-University-Jesuit-Debates-Round-3.docx,train,3898.0,51012.0,20.0,13.0,26.0,67.0,0.07641339292715439,True
Texas-FeLo-Aff-2--Gonzaga-Round-2.docx,train,603.0,6315.0,1.0,5.0,0.0,4.0,0.09548693586698337,True
Texas-FeLo-Aff-2--Gonzaga-Round-4.docx,train,0.0,0.0,0.0,0.0,0.0,0.0,0.0,False
Texas-FeLo-Aff-2--Gonzaga-Round-5.docx,validation,603.0,6267.0,4.0,8.0,0.0,3.0,0.09621828626136908,True
Texas-FeLo-Aff-2--Gonzaga-Round-7.docx,train,0.0,0.0,0.0,0.0,0.0,0.0,0.0,False
Texas-FeLo-Neg-2--Gonzaga-Round-1.docx,train,632.0,8003.0,3.0,1.0,3.0,5.0,0.07897038610521055,True
Texas-FeLo-Neg-2--Gonzaga-Round-3.docx,validation,0.0,0.0,0.0,0.0,0.0,0.0,0.0,False
Texas-FeLo-Neg-2--Gonzaga-Round-6.docx,train,0.0,0.0,0.0,0.0,0.0,0.0,0.0,False
Texas-FeLo-Neg-2--Gonzaga-Round-8.docx,validation,0.0,0.0,0.0,0.0,0.0,0.0,0.0,False
Texas-GaSt-Aff-02---Gonzaga-Round-1.docx,train,0.0,0.0,0.0,0.0,0.0,0.0,0.0,False
Texas-GaSt-Aff-02---Gonzaga-Round-3.docx,train,0.0,0.0,0.0,0.0,0.0,0.0,0.0,False
Texas-GaSt-Aff-02---Gonzaga-Round-5.docx,train,0.0,0.0,0.0,0.0,0.0,0.0,0.0,False
Texas-GaSt-Aff-02---Gonzaga-Round-7.docx,train,0.0,0.0,0.0,0.0,0.0,0.0,0.0,False
Texas-GaSt-Neg-02---Gonzaga-Round-2.docx,validation,111.0,955.0,4.0,0.0,0.0,0.0,0.1162303664921466,True
Texas-GaSt-Neg-02---Gonzaga-Round-4.docx,test,0.0,0.0,0.0,0.0,0.0,0.0,0.0,False
Texas-GaSt-Neg-02---Gonzaga-Round-6.docx,train,0.0,0.0,0.0,0.0,0.0,0.0,0.0,False
Texas-GaSt-Neg-02---Gonzaga-Round-8.docx,test,0.0,0.0,0.0,0.0,0.0,0.0,0.0,False
Trinity-CrKh-Aff-01-----Gonzaga-Round-2.docx,validation,0.0,0.0,0.0,0.0,0.0,0.0,0.0,False
Trinity-CrKh-Aff-01-----Gonzaga-Round-3.docx,train,0.0,0.0,0.0,0.0,0.0,0.0,0.0,False
Trinity-CrKh-Aff-01-----Gonzaga-Round-6.docx,train,0.0,0.0,0.0,0.0,0.0,0.0,0.0,False
Trinity-CrKh-Aff-01-----Gonzaga-Round-7.docx,train,0.0,0.0,0.0,0.0,0.0,0.0,0.0,False
Trinity-CrKh-Neg-01-----Gonzaga-Round-1.docx,train,0.0,0.0,0.0,0.0,0.0,0.0,0.0,False
Trinity-CrKh-Neg-01-----Gonzaga-Round-4.docx,validation,0.0,0.0,0.0,0.0,0.0,0.0,0.0,False
Trinity-CrKh-Neg-01-----Gonzaga-Round-5.docx,train,0.0,0.0,0.0,0.0,0.0,0.0,0.0,False
Trinity-CrKh-Neg-01-----Gonzaga-Round-8.docx,train,0.0,0.0,0.0,0.0,0.0,0.0,0.0,False
Trinity-KiPa-Aff-3---Gonzaga-Round-1.docx,train,0.0,0.0,0.0,0.0,0.0,0.0,0.0,False
Trinity-KiPa-Neg-3---Gonzaga-Round-3.docx,train,0.0,0.0,0.0,0.0,0.0,0.0,0.0,False
Trinity-KiPa-Neg-3---Gonzaga-Round-6.docx,validation,0.0,0.0,0.0,0.0,0.0,0.0,0.0,False
UCBerkeley-BoUr-Aff-3---Gonzaga-University-Jesuit-Debates-Round-2.docx,train,1676.0,20371.0,8.0,13.0,6.0,7.0,0.08227382062736242,True
UCBerkeley-BoUr-Aff-3---Gonzaga-University-Jesuit-Debates-Round-4.docx,train,0.0,0.0,0.0,0.0,0.0,0.0,0.0,False
UCBerkeley-BoUr-Neg-3---Gonzaga-University-Jesuit-Debates-Round-1.docx,train,0.0,0.0,0.0,0.0,0.0,0.0,0.0,False
UCBerkeley-BoUr-Neg-3---Gonzaga-University-Jesuit-Debates-Round-3.docx,validation,1342.0,21758.0,5.0,6.0,12.0,4.0,0.06167846309403438,True
UCBerkeley-BoUr-Neg-3---Gonzaga-University-Jesuit-Debates-Round-5.docx,train,4993.0,69048.0,18.0,26.0,29.0,59.0,0.072312014830263,True
UCBerkeley-BoUr-Neg-3---Gonzaga-University-Jesuit-Debates-Round-7.docx,train,0.0,0.0,0.0,0.0,0.0,0.0,0.0,False
UCBerkeley-GiSi-Aff-2----Gonzaga-University-Jesuit-Debates-Round-1.docx,train,754.0,6635.0,3.0,3.0,0.0,4.0,0.11363978899773926,True
UCBerkeley-GiSi-Aff-2----Gonzaga-University-Jesuit-Debates-Round-6.docx,validation,1258.0,10830.0,5.0,4.0,0.0,16.0,0.11615881809787627,True
UCBerkeley-GiSi-Aff-2----Gonzaga-University-Jesuit-Debates-Round-8.docx,train,300.0,1336.0,0.0,0.0,0.0,2.0,0.2245508982035928,True
UCBerkeley-GiSi-Aff-2---Gonzaga-University-Jesuit-Debates-Round-4.docx,train,1219.0,12257.0,7.0,5.0,3.0,17.0,0.09945337358244269,True
UCBerkeley-GiSi-Neg-2----Gonzaga-University-Jesuit-Debates-Round-7.docx,test,2470.0,23557.0,3.0,14.0,6.0,24.0,0.10485206095852613,True
UCBerkeley-GiSi-Neg-2---Gonzaga-University-Jesuit-Debates-Round-2.docx,train,754.0,7043.0,1.0,1.0,3.0,20.0,0.10705665199488854,True
UCBerkeley-GiSi-Neg-2---Gonzaga-University-Jesuit-Debates-Round-5.docx,train,0.0,0.0,0.0,0.0,0.0,0.0,0.0,False
UCBerkeley-MeRe-Aff-3---Gonzaga-Round-1.docx,train,0.0,0.0,0.0,0.0,0.0,0.0,0.0,False
UCBerkeley-MeRe-Aff-3---Gonzaga-Round-3.docx,train,0.0,0.0,0.0,0.0,0.0,0.0,0.0,False
UCBerkeley-MeRe-Aff-3---Gonzaga-Round-5.docx,train,3253.0,41004.0,15.0,15.0,11.0,30.0,0.07933372353916691,True
UCBerkeley-MeRe-Aff-3---Gonzaga-Round-8.docx,validation,0.0,0.0,0.0,0.0,0.0,0.0,0.0,False
UCBerkeley-MeRe-Neg-3---Gonzaga-Round-2.docx,test,2217.0,19356.0,2.0,11.0,1.0,4.0,0.11453812771233726,True
UCBerkeley-MeRe-Neg-3---Gonzaga-Round-4.docx,validation,2004.0,25034.0,6.0,7.0,2.0,7.0,0.08005113046257091,True
UCBerkeley-MeRe-Neg-3---Gonzaga-Round-6.docx,train,4054.0,46489.0,15.0,25.0,17.0,52.0,0.08720342446600271,True
UCBerkeley-MeRe-Neg-3---Gonzaga-Round-7.docx,train,2624.0,25527.0,4.0,14.0,5.0,33.0,0.10279312100912759,True
UTD-DADi-Neg-Gonzaga-Round-2.docx,test,0.0,0.0,0.0,0.0,0.0,0.0,0.0,False
UTD-DADi-Neg-Gonzaga-Round-3.docx,test,0.0,0.0,0.0,0.0,0.0,0.0,0.0,False
UTD-DADi-Neg-Gonzaga-Round-6.docx,train,0.0,0.0,0.0,0.0,0.0,0.0,0.0,False
UTD-HoHu-Aff-02---Gonzaga-Round-1.docx,train,193.0,1773.0,0.0,0.0,0.0,3.0,0.10885504794134236,True
UTD-HoHu-Aff-02---Gonzaga-Round-4.docx,train,0.0,0.0,0.0,0.0,0.0,0.0,0.0,False
UTD-HoHu-Aff-02---Gonzaga-Round-5.docx,validation,545.0,4696.0,1.0,0.0,0.0,0.0,0.11605621805792164,True
UTD-HoHu-Aff-02---Gonzaga-Round-7.docx,test,601.0,6054.0,1.0,3.0,2.0,3.0,0.09927320779649819,True
UTD-HoHu-Neg-02---Gonzaga-Round-2.docx,train,1591.0,24324.0,4.0,4.0,10.0,8.0,0.06540864989310968,True
UTD-HoHu-Neg-02---Gonzaga-Round-3.docx,train,2098.0,24854.0,10.0,9.0,10.0,40.0,0.08441297175504948,True
UTD-HoHu-Neg-02---Gonzaga-Round-6.docx,train,708.0,9784.0,0.0,4.0,3.0,9.0,0.07236304170073589,True
UTD-HoHu-Neg-02---Gonzaga-Round-8.docx,train,1630.0,13286.0,5.0,5.0,4.0,11.0,0.12268553364443775,True
UTD-PeRa-Aff-04---Gonzaga-Round-1.docx,train,0.0,0.0,0.0,0.0,0.0,0.0,0.0,False
UTD-PeRa-Aff-04---Gonzaga-Round-4.docx,validation,2412.0,38388.0,10.0,7.0,3.0,2.0,0.06283213504220068,True
UTD-PeRa-Aff-04---Gonzaga-Round-5.docx,train,0.0,0.0,0.0,0.0,0.0,0.0,0.0,False
UTD-PeRa-Aff-04---Gonzaga-Round-8.docx,validation,0.0,0.0,0.0,0.0,0.0,0.0,0.0,False
UTD-PeRa-Neg-04---Gonzaga-Round-2.docx,train,2255.0,32978.0,12.0,17.0,14.0,14.0,0.06837891927951968,True
UTD-PeRa-Neg-04---Gonzaga-Round-3.docx,train,2682.0,39775.0,7.0,9.0,25.0,22.0,0.06742928975487116,True
UTD-PeRa-Neg-04---Gonzaga-Round-6.docx,validation,1049.0,6314.0,2.0,2.0,2.0,2.0,0.166138739309471,True
UTD-PeRa-Neg-04---Gonzaga-Round-7.docx,test,1534.0,23260.0,4.0,6.0,9.0,10.0,0.06595012897678418,True
WakeForest-DiEl-Aff-2---Gonzaga-University-Jesuit-Debates-Round-2.docx,train,1651.0,21753.0,8.0,5.0,20.0,30.0,0.07589757734565347,True
WakeForest-DiEl-Aff-2---Gonzaga-University-Jesuit-Debates-Round-3.docx,train,2351.0,38521.0,10.0,8.0,22.0,22.0,0.061031645076711404,True
WakeForest-DiEl-Aff-2---Gonzaga-University-Jesuit-Debates-Round-6.docx,train,1949.0,33100.0,12.0,11.0,21.0,18.0,0.058882175226586106,True
WakeForest-DiEl-Aff-2---Gonzaga-University-Jesuit-Debates-Round-8.docx,test,1782.0,22119.0,11.0,7.0,28.0,31.0,0.08056422080564221,True
WakeForest-DiEl-Neg-2---Gonzaga-University-Jesuit-Debates-Round-1.docx,train,1976.0,17692.0,5.0,16.0,3.0,8.0,0.11168889893737283,True
WakeForest-DiEl-Neg-2---Gonzaga-University-Jesuit-Debates-Round-4.docx,train,1041.0,16333.0,3.0,3.0,2.0,1.0,0.06373599461213494,True
WakeForest-DiEl-Neg-2---Gonzaga-University-Jesuit-Debates-Round-5.docx,train,1869.0,24470.0,5.0,14.0,13.0,16.0,0.07637923988557417,True
WakeForest-DiEl-Neg-2---Gonzaga-University-Jesuit-Debates-Round-7.docx,train,2301.0,28080.0,6.0,21.0,16.0,27.0,0.08194444444444444,True
WakeForest-HaNa-Aff-Gonzaga-University-Jesuit-Debates-Round-5.docx,train,0.0,0.0,0.0,0.0,0.0,0.0,0.0,False
WakeForest-HaNa-Neg-Gonzaga-University-Jesuit-Debates-Round-1.docx,validation,0.0,0.0,0.0,0.0,0.0,0.0,0.0,False
WakeForest-HaNa-Neg-Gonzaga-University-Jesuit-Debates-Round-3.docx,train,0.0,0.0,0.0,0.0,0.0,0.0,0.0,False
WakeForest-HaNa-Neg-Gonzaga-University-Jesuit-Debates-Round-6.docx,test,0.0,0.0,0.0,0.0,0.0,0.0,0.0,False
WakeForest-HaNa-Neg-Gonzaga-University-Jesuit-Debates-Round-7.docx,train,0.0,0.0,0.0,0.0,0.0,0.0,0.0,False
WichitaState-GrMo-Aff-5---Gonzaga-University-Jesuit-Debates-Round-1.docx,train,0.0,0.0,0.0,0.0,0.0,0.0,0.0,False
WichitaState-GrMo-Neg-5---Gonzaga-University-Jesuit-Debates-Round-2.docx,train,0.0,0.0,0.0,0.0,0.0,0.0,0.0,False
WichitaState-GrMo-Neg-5---Gonzaga-University-Jesuit-Debates-Round-4.docx,test,0.0,0.0,0.0,0.0,0.0,0.0,0.0,False
WichitaState-GrMo-Neg-5---Gonzaga-University-Jesuit-Debates-Round-5.docx,validation,0.0,0.0,0.0,0.0,0.0,0.0,0.0,False
WichitaState-GrMo-Neg-5---Gonzaga-University-Jesuit-Debates-Round-7.docx,validation,0.0,0.0,0.0,0.0,0.0,0.0,0.0,False
Wyoming-CaHa-Aff-Gonzaga-Round-1.docx,train,513.0,9460.0,0.0,8.0,1.0,2.0,0.05422832980972516,True
Wyoming-CaHa-Aff-Gonzaga-Round-4.docx,train,2057.0,26914.0,2.0,11.0,1.0,10.0,0.07642862450769117,True
Wyoming-CaHa-Aff-Gonzaga-Round-5.docx,train,0.0,0.0,0.0,0.0,0.0,0.0,0.0,False
Wyoming-CaHa-Aff-Gonzaga-Round-8.docx,train,525.0,11324.0,1.0,4.0,1.0,0.0,0.046361709643235605,True
Wyoming-CaHa-Neg-Gonzaga-Round-2.docx,train,0.0,0.0,0.0,0.0,0.0,0.0,0.0,False
Wyoming-CaHa-Neg-Gonzaga-Round-3.docx,train,0.0,0.0,0.0,0.0,0.0,0.0,0.0,False
Wyoming-CaHa-Neg-Gonzaga-Round-6.docx,train,0.0,0.0,0.0,0.0,0.0,0.0,0.0,False
Wyoming-CaHa-Neg-Gonzaga-Round-7.docx,train,1145.0,10414.0,6.0,2.0,3.0,9.0,0.10994814672556175,True
Wyoming-WiWi-Aff-4.-Gonzaga-Round-1.docx,validation,0.0,0.0,0.0,0.0,0.0,0.0,0.0,False
Wyoming-WiWi-Aff-4.-Gonzaga-Round-4.docx,train,0.0,0.0,0.0,0.0,0.0,0.0,0.0,False
Wyoming-WiWi-Aff-4.-Gonzaga-Round-5.docx,train,0.0,0.0,0.0,0.0,0.0,0.0,0.0,False
Wyoming-WiWi-Aff-4.-Gonzaga-Round-8.docx,train,0.0,0.0,0.0,0.0,0.0,0.0,0.0,False
Wyoming-WiWi-Neg-4.-Gonzaga-Round-2.docx,train,0.0,0.0,0.0,0.0,0.0,0.0,0.0,False
Wyoming-WiWi-Neg-4.-Gonzaga-Round-3.docx,train,871.0,14066.0,1.0,2.0,0.0,0.0,0.06192236598890943,True
Wyoming-WiWi-Neg-4.-Gonzaga-Round-6.docx,train,111.0,1431.0,0.0,0.0,0.0,1.0,0.07756813417190776,True
Wyoming-WiWi-Neg-4.-Gonzaga-Round-7.docx,train,0.0,0.0,0.0,0.0,0.0,0.0,0.0,False
